,height,tss,part,nss,ss
0,0.0,2205.563,2181.572,19.59,4.401
1,0.03,2205.597,2181.568,19.59,4.439
2,0.06,2205.597,2181.565,19.59,4.442
3,0.09,2205.592,2181.567,19.59,4.436
4,0.12,2205.585,2181.566,19.59,4.429
5,0.15,2205.579,2181.567,19.59,4.422
6,0.18,2205.571,2181.564,19.59,4.417
7,0.21,2205.566,2181.565,19.59,4.411
8,0.24,2205.558,2181.563,19.59,4.406
9,0.27,2205.552,2181.562,19.59,4.4
10,0.3,2205.546,2181.562,19.59,4.394
11,0.33,2205.539,2181.561,19.59,4.388
12,0.36,2205.53,2181.558,19.59,4.382
13,0.39,2205.527,2181.561,19.59,4.376
14,0.42,2205.519,2181.56,19.59,4.369
15,0.45,2205.513,2181.56,19.59,4.363
16,0.48,2205.509,2181.562,19.59,4.357
17,0.51,2205.498,2181.557,19.59,4.351
18,0.54,2205.494,2181.56,19.59,4.344
19,0.57,2205.483,2181.555,19.59,4.338
20,0.6,2205.482,2181.561,19.59,4.332
21,0.63,2205.47,2181.554,19.59,4.326
22,0.66,2205.467,2181.557,19.59,4.32
23,0.69,2205.461,2181.558,19.59,4.314
24,0.72,2205.455,2181.558,19.59,4.307
25,0.75,2205.445,2181.554,19.59,4.301
26,0.78,2205.439,2181.554,19.59,4.295
27,0.81,2205.434,2181.555,19.59,4.289
28,0.84,2205.426,2181.554,19.59,4.283
29,0.87,2205.422,2181.555,19.59,4.277
30,0.9,2205.414,2181.554,19.59,4.27
31,0.93,2205.409,2181.555,19.59,4.264
32,0.96,2205.401,2181.553,19.59,4.258
33,0.99,2205.395,2181.553,19.59,4.252
34,1.02,2205.388,2181.552,19.59,4.246
35,1.05,2205.382,2181.552,19.59,4.24
36,1.08,2205.376,2181.553,19.59,4.233
37,1.11,2205.367,2181.55,19.59,4.227
38,1.14,2205.364,2181.553,19.59,4.221
39,1.17,2205.357,2181.552,19.59,4.215
40,1.2,2205.351,2181.552,19.59,4.209
41,1.23,2205.342,2181.549,19.59,4.203
42,1.26,2205.34,2181.553,19.59,4.197
43,1.29,2205.332,2181.552,19.59,4.191
44,1.32,2205.326,2181.551,19.59,4.185
45,1.35,2205.321,2181.553,19.59,4.178
46,1.38,2205.314,2181.551,19.59,4.172
47,1.41,2205.306,2181.55,19.59,4.166
48,1.44,2205.301,2181.551,19.59,4.16
49,1.47,2205.295,2181.551,19.59,4.154
50,1.5,2205.287,2181.549,19.59,4.148
51,1.53,2205.284,2181.552,19.59,4.142
52,1.56,2205.277,2181.551,19.59,4.136
53,1.59,2205.267,2181.548,19.59,4.13
54,1.62,2205.265,2181.551,19.59,4.124
55,1.65,2205.258,2181.55,19.59,4.118
56,1.68,2205.252,2181.551,19.59,4.112
57,1.71,2205.247,2181.551,19.59,4.106
58,1.74,2205.242,2181.552,19.59,4.1
59,1.77,2205.234,2181.55,19.59,4.094
60,1.8,2205.229,2181.552,19.59,4.088
61,1.83,2205.222,2181.551,19.59,4.082
62,1.86,2205.216,2181.551,19.59,4.076
63,1.89,2205.212,2181.552,19.59,4.07
64,1.92,2205.206,2181.552,19.59,4.064
65,1.95,2205.198,2181.551,19.59,4.058
66,1.98,2205.192,2181.551,19.59,4.052
67,2.01,2205.188,2181.552,19.59,4.046
68,2.04,2205.182,2181.553,19.59,4.04
69,2.07,2205.176,2181.553,19.59,4.034
70,2.1,2205.17,2181.552,19.59,4.028
71,2.13,2205.166,2181.554,19.59,4.022
72,2.16,2205.16,2181.554,19.59,4.016
73,2.19,2205.152,2181.552,19.59,4.01
74,2.22,2205.146,2181.552,19.59,4.004
75,2.25,2205.14,2181.552,19.59,3.998
76,2.28,2205.135,2181.553,19.59,3.992
77,2.31,2205.131,2181.555,19.59,3.986
78,2.34,2205.125,2181.555,19.59,3.98
79,2.37,2205.12,2181.556,19.59,3.974
80,2.4,2205.114,2181.556,19.59,3.968
81,2.43,2205.109,2181.557,19.59,3.962
82,2.46,2205.105,2181.559,19.59,3.956
83,2.49,2205.097,2181.556,19.59,3.95
84,2.52,2205.091,2181.557,19.59,3.944
85,2.55,2205.086,2181.558,19.59,3.939
86,2.58,2205.081,2181.558,19.59,3.933
87,2.61,2205.075,2181.558,19.59,3.927
88,2.64,2205.069,2181.559,19.59,3.921
89,2.67,2205.061,2181.556,19.59,3.915
90,2.7,2205.06,2181.561,19.59,3.909
91,2.73,2205.055,2181.562,19.59,3.903
92,2.76,2205.049,2181.562,19.59,3.897
93,2.79,2205.041,2181.56,19.59,3.891
94,2.82,2205.039,2181.563,19.59,3.886
95,2.85,2205.03,2181.561,19.59,3.88
96,2.88,2205.026,2181.562,19.59,3.874
97,2.91,2205.023,2181.565,19.59,3.868
98,2.94,2205.015,2181.563,19.59,3.862
99,2.97,2205.012,2181.566,19.59,3.856
100,3.0,2205.153,2181.713,19.59,3.851
101,3.03,2205.544,2182.109,19.59,3.845
102,3.06,2205.935,2182.506,19.59,3.839
103,3.09,2206.329,2182.906,19.59,3.833
104,3.12,2206.721,2183.304,19.59,3.827
105,3.15,2207.112,2183.7,19.59,3.821
106,3.18,2207.506,2184.1,19.59,3.816
107,3.21,2207.897,2184.497,19.59,3.81
108,3.24,2208.291,2184.898,19.59,3.804
109,3.27,2208.684,2185.296,19.59,3.798
110,3.3,2209.077,2185.695,19.59,3.792
111,3.33,2209.47,2186.094,19.59,3.787
112,3.36,2209.866,2186.495,19.59,3.781
113,3.39,2210.26,2186.895,19.59,3.775
114,3.42,2210.655,2187.296,19.59,3.769
115,3.45,2211.052,2187.698,19.59,3.763
116,3.48,2211.444,2188.097,19.59,3.758
117,3.51,2211.84,2188.498,19.59,3.752
118,3.54,2212.236,2188.9,19.59,3.746
119,3.57,2212.634,2189.304,19.59,3.74
120,3.6,2213.029,2189.705,19.59,3.735
121,3.63,2213.426,2190.108,19.59,3.729
122,3.66,2213.821,2190.508,19.59,3.723
123,3.69,2214.22,2190.912,19.59,3.717
124,3.72,2214.615,2191.314,19.59,3.712
125,3.75,2215.016,2191.72,19.59,3.706
126,3.78,2215.414,2192.124,19.59,3.7
127,3.81,2215.809,2192.525,19.59,3.695
128,3.84,2216.207,2192.928,19.59,3.689
129,3.87,2216.607,2193.335,19.59,3.683
130,3.9,2217.004,2193.736,19.59,3.677
131,3.93,2217.405,2194.144,19.59,3.672
132,3.96,2217.804,2194.548,19.59,3.666
133,3.99,2218.202,2194.952,19.59,3.66
134,4.02,2218.603,2195.358,19.59,3.655
135,4.05,2219.004,2195.765,19.59,3.649
136,4.08,2219.405,2196.172,19.59,3.643
137,4.11,2219.806,2196.579,19.59,3.638
138,4.14,2220.207,2196.985,19.59,3.632
139,4.17,2220.606,2197.39,19.59,3.626
140,4.2,2221.011,2197.801,19.59,3.621
141,4.23,2221.411,2198.206,19.59,3.615
142,4.26,2221.813,2198.614,19.59,3.609
143,4.29,2222.215,2199.021,19.59,3.604
144,4.32,2222.617,2199.429,19.59,3.598
145,4.35,2223.02,2199.838,19.59,3.592
146,4.38,2223.422,2200.245,19.59,3.587
147,4.41,2223.826,2200.655,19.59,3.581
148,4.44,2224.231,2201.066,19.59,3.576
149,4.47,2224.634,2201.474,19.59,3.57
150,4.5,2225.037,2201.883,19.59,3.564
151,4.53,2225.443,2202.294,19.59,3.559
152,4.56,2225.846,2202.703,19.59,3.553
153,4.59,2226.251,2203.114,19.59,3.547
154,4.62,2226.655,2203.524,19.59,3.542
155,4.65,2227.06,2203.934,19.59,3.536
156,4.68,2227.467,2204.347,19.59,3.531
157,4.71,2227.873,2204.758,19.59,3.525
158,4.74,2228.278,2205.169,19.59,3.52
159,4.77,2228.685,2205.581,19.59,3.514
160,4.8,2229.09,2205.992,19.59,3.508
161,4.83,2229.499,2206.407,19.59,3.503
162,4.86,2229.906,2206.819,19.59,3.497
163,4.89,2230.311,2207.23,19.59,3.492
164,4.92,2230.721,2207.645,19.59,3.486
165,4.95,2231.106,2208.035,19.59,3.481
166,4.98,2231.477,2208.412,19.59,3.475
167,5.01,2231.839,2208.779,19.59,3.47
168,5.04,2232.193,2209.139,19.59,3.464
169,5.07,2232.538,2209.49,19.59,3.458
170,5.1,2232.878,2209.836,19.59,3.453
171,5.13,2233.216,2210.179,19.59,3.447
172,5.16,2233.544,2210.512,19.59,3.442
173,5.19,2233.869,2210.843,19.59,3.436
174,5.22,2234.189,2211.169,19.59,3.431
175,5.25,2234.507,2211.492,19.59,3.425
176,5.28,2234.819,2211.81,19.59,3.42
177,5.31,2235.113,2212.109,19.59,3.414
178,5.34,2235.391,2212.392,19.59,3.409
179,5.37,2235.66,2212.667,19.59,3.403
180,5.4,2235.919,2212.931,19.59,3.398
181,5.43,2236.171,2213.189,19.59,3.392
182,5.46,2236.418,2213.441,19.59,3.387
183,5.49,2236.658,2213.687,19.59,3.382
184,5.52,2236.891,2213.925,19.59,3.376
185,5.55,2237.124,2214.163,19.59,3.371
186,5.58,2237.352,2214.397,19.59,3.365
187,5.61,2237.575,2214.626,19.59,3.36
188,5.64,2237.798,2214.854,19.59,3.354
189,5.67,2238.016,2215.077,19.59,3.349
190,5.7,2238.232,2215.299,19.59,3.343
191,5.73,2238.45,2215.522,19.59,3.338
192,5.76,2238.664,2215.741,19.59,3.333
193,5.79,2238.878,2215.961,19.59,3.327
194,5.82,2239.094,2216.182,19.59,3.322
195,5.85,2239.311,2216.404,19.59,3.316
196,5.88,2239.528,2216.627,19.59,3.311
197,5.91,2239.745,2216.85,19.59,3.306
198,5.94,2239.968,2217.078,19.59,3.3
199,5.97,2240.198,2217.314,19.59,3.295
200,6.0,2240.435,2217.556,19.59,3.289
201,6.03,2240.678,2217.804,19.59,3.284
202,6.06,2240.922,2218.053,19.59,3.279
203,6.09,2241.171,2218.308,19.59,3.273
204,6.12,2241.419,2218.561,19.59,3.268
205,6.15,2241.672,2218.819,19.59,3.263
206,6.18,2241.925,2219.078,19.59,3.257
207,6.21,2242.179,2219.337,19.59,3.252
208,6.24,2242.435,2219.599,19.59,3.246
209,6.27,2242.689,2219.858,19.59,3.241
210,6.3,2242.946,2220.121,19.59,3.236
211,6.33,2243.202,2220.382,19.59,3.23
212,6.36,2243.459,2220.644,19.59,3.225
213,6.39,2243.716,2220.906,19.59,3.22
214,6.42,2243.972,2221.168,19.59,3.214
215,6.45,2244.229,2221.43,19.59,3.209
216,6.48,2244.484,2221.69,19.59,3.204
217,6.51,2244.738,2221.949,19.59,3.199
218,6.54,2244.917,2222.134,19.59,3.193
219,6.57,2244.681,2221.903,19.59,3.188
220,6.6,2244.407,2221.635,19.59,3.183
221,6.63,2244.024,2221.256,19.59,3.177
222,6.66,2243.269,2220.508,19.59,3.172
223,6.69,2242.41,2219.653,19.59,3.167
224,6.72,2241.349,2218.598,19.59,3.161
225,6.75,2239.946,2217.2,19.59,3.156
226,6.78,2238.312,2215.572,19.59,3.151
227,6.81,2236.422,2213.686,19.59,3.146
228,6.84,2233.993,2211.263,19.59,3.14
229,6.87,2231.213,2208.488,19.59,3.135
230,6.9,2227.731,2205.011,19.59,3.13
231,6.93,2223.303,2200.588,19.59,3.125
232,6.96,2217.17,2194.461,19.59,3.119
233,6.99,1889.403,1866.699,19.59,3.114
234,7.02,1844.536,1821.837,19.59,3.109
235,7.05,1826.036,1803.342,19.59,3.104
236,7.08,1811.994,1789.306,19.59,3.098
237,7.11,1800.019,1777.336,19.59,3.093
238,7.14,1789.398,1766.72,19.59,3.088
239,7.17,1779.963,1757.291,19.59,3.083
240,7.2,1771.196,1748.529,19.59,3.078
241,7.23,1763.105,1740.443,19.59,3.072
242,7.26,1755.589,1732.932,19.59,3.067
243,7.29,1748.388,1725.736,19.59,3.062
244,7.32,1741.606,1718.96,19.59,3.057
245,7.35,1735.205,1712.564,19.59,3.052
246,7.38,1729.103,1706.467,19.59,3.046
247,7.41,1723.181,1700.55,19.59,3.041
248,7.44,1717.5,1694.874,19.59,3.036
249,7.47,1712.01,1689.389,19.59,3.031
250,7.5,1706.715,1684.099,19.59,3.026
251,7.53,1701.568,1678.957,19.59,3.021
252,7.56,1696.552,1673.947,19.59,3.015
253,7.59,1685.402,1662.802,19.59,3.01
254,7.62,1676.4,1653.805,19.59,3.005
255,7.65,1668.926,1646.336,19.59,3.0
256,7.68,1662.32,1639.735,19.59,2.995
257,7.71,1656.039,1633.46,19.59,2.99
258,7.74,1650.198,1627.623,19.59,2.985
259,7.77,1644.505,1621.935,19.59,2.98
260,7.8,1639.069,1616.505,19.59,2.974
261,7.83,1633.737,1611.178,19.59,2.969
262,7.86,1628.541,1605.987,19.59,2.964
263,7.89,1623.539,1600.99,19.59,2.959
264,7.92,1618.673,1596.129,19.59,2.954
265,7.95,1613.923,1591.384,19.59,2.949
266,7.98,1609.236,1586.703,19.59,2.944
267,8.01,1604.718,1582.189,19.59,2.939
268,8.04,1600.34,1577.816,19.59,2.934
269,8.07,1596.021,1573.502,19.59,2.929
270,8.1,1591.749,1569.236,19.59,2.924
271,8.13,1587.575,1565.067,19.59,2.919
272,8.16,1583.556,1561.053,19.59,2.913
273,8.19,1579.608,1557.11,19.59,2.908
274,8.22,1575.691,1553.198,19.59,2.903
275,8.25,1571.829,1549.34,19.59,2.898
276,8.28,1568.065,1545.582,19.59,2.893
277,8.31,1564.336,1541.858,19.59,2.888
278,8.34,1560.628,1538.156,19.59,2.883
279,8.37,1556.932,1534.464,19.59,2.878
280,8.4,1553.335,1530.872,19.59,2.873
281,8.43,1549.733,1527.275,19.59,2.868
282,8.46,1546.12,1523.667,19.59,2.863
283,8.49,1542.427,1519.979,19.59,2.858
284,8.52,1538.266,1515.823,19.59,2.853
285,8.55,1535.065,1512.627,19.59,2.848
286,8.58,1532.917,1510.484,19.59,2.843
287,8.61,1530.809,1508.382,19.59,2.838
288,8.64,1528.76,1506.337,19.59,2.833
289,8.67,1526.773,1504.355,19.59,2.828
290,8.7,1524.832,1502.419,19.59,2.823
291,8.73,1522.93,1500.522,19.59,2.818
292,8.76,1521.076,1498.673,19.59,2.813
293,8.79,1519.276,1496.878,19.59,2.808
294,8.82,1517.515,1495.122,19.59,2.803
295,8.85,1515.785,1493.397,19.59,2.798
296,8.88,1514.094,1491.711,19.59,2.793
297,8.91,1512.448,1490.069,19.59,2.788
298,8.94,1510.844,1488.47,19.59,2.784
299,8.97,1509.268,1486.899,19.59,2.779
300,9.0,1507.713,1485.349,19.59,2.774
301,9.03,1506.189,1483.831,19.59,2.769
302,9.06,1504.731,1482.377,19.59,2.764
303,9.09,1503.332,1480.983,19.59,2.759
304,9.12,1501.953,1479.61,19.59,2.754
305,9.15,1500.596,1478.257,19.59,2.749
306,9.18,1499.257,1476.923,19.59,2.744
307,9.21,1497.948,1475.619,19.59,2.739
308,9.24,1496.687,1474.362,19.59,2.734
309,9.27,1495.504,1473.185,19.59,2.73
310,9.3,1494.345,1472.031,19.59,2.725
311,9.33,1493.213,1470.903,19.59,2.72
312,9.36,1492.11,1469.806,19.59,2.715
313,9.39,1491.038,1468.738,19.59,2.71
314,9.42,1489.996,1467.701,19.59,2.705
315,9.45,1488.986,1466.696,19.59,2.7
316,9.48,1488.008,1465.722,19.59,2.695
317,9.51,1487.079,1464.798,19.59,2.69
318,9.54,1486.202,1463.927,19.59,2.686
319,9.57,1485.347,1463.076,19.59,2.681
320,9.6,1484.508,1462.242,19.59,2.676
321,9.63,1483.688,1461.427,19.59,2.671
322,9.66,1482.872,1460.616,19.59,2.666
323,9.69,1482.055,1459.804,19.59,2.661
324,9.72,1481.265,1459.019,19.59,2.657
325,9.75,1480.47,1458.229,19.59,2.652
326,9.78,1479.68,1457.443,19.59,2.647
327,9.81,1478.622,1456.39,19.59,2.642
328,9.84,1477.44,1455.213,19.59,2.637
329,9.87,1476.251,1454.028,19.59,2.633
330,9.9,1475.072,1452.854,19.59,2.628
331,9.93,1473.926,1451.713,19.59,2.623
332,9.96,1472.854,1450.646,19.59,2.618
333,9.99,1471.78,1449.577,19.59,2.613
334,10.02,1470.703,1448.504,19.59,2.609
335,10.05,1469.641,1447.447,19.59,2.604
336,10.08,1468.579,1446.391,19.59,2.599
337,10.11,1467.535,1445.351,19.59,2.594
338,10.14,1466.526,1444.347,19.59,2.59
339,10.17,1465.552,1443.377,19.59,2.585
340,10.2,1464.616,1442.446,19.59,2.58
341,10.23,1463.694,1441.529,19.59,2.575
342,10.26,1462.799,1440.638,19.59,2.571
343,10.29,1461.969,1439.813,19.59,2.566
344,10.32,1461.15,1438.999,19.59,2.561
345,10.35,1460.371,1438.225,19.59,2.556
346,10.38,1459.601,1437.459,19.59,2.552
347,10.41,1458.843,1436.706,19.59,2.547
348,10.44,1458.116,1435.984,19.59,2.542
349,10.47,1457.406,1435.279,19.59,2.537
350,10.5,1456.887,1434.764,19.59,2.533
351,10.53,1456.403,1434.285,19.59,2.528
352,10.56,1455.93,1433.817,19.59,2.523
353,10.59,1455.46,1433.352,19.59,2.519
354,10.62,1454.997,1432.893,19.59,2.514
355,10.65,1454.552,1432.452,19.59,2.509
356,10.68,1454.129,1432.035,19.59,2.505
357,10.71,1453.712,1431.622,19.59,2.5
358,10.74,1453.312,1431.227,19.59,2.495
359,10.77,1452.919,1430.839,19.59,2.491
360,10.8,1452.533,1430.457,19.59,2.486
361,10.83,1452.175,1430.104,19.59,2.481
362,10.86,1451.827,1429.761,19.59,2.477
363,10.89,1451.48,1429.418,19.59,2.472
364,10.92,1451.149,1429.092,19.59,2.467
365,10.95,1450.83,1428.777,19.59,2.463
366,10.98,1450.517,1428.469,19.59,2.458
367,11.01,1450.23,1428.186,19.59,2.453
368,11.04,1449.947,1427.908,19.59,2.449
369,11.07,1449.687,1427.652,19.59,2.444
370,11.1,1449.447,1427.418,19.59,2.44
371,11.13,1449.205,1427.183,19.587,2.435
372,11.16,1448.961,1426.944,19.586,2.43
373,11.19,1448.721,1426.71,19.585,2.426
374,11.22,1448.476,1426.471,19.584,2.421
375,11.25,1448.232,1426.233,19.583,2.417
376,11.28,1447.985,1425.995,19.578,2.412
377,11.31,1447.737,1425.76,19.57,2.407
378,11.34,1447.503,1425.538,19.562,2.403
379,11.37,1447.299,1425.344,19.557,2.398
380,11.4,1447.094,1425.147,19.553,2.394
381,11.43,1446.889,1424.951,19.549,2.389
382,11.46,1446.676,1424.749,19.542,2.385
383,11.49,1446.465,1424.546,19.539,2.38
384,11.52,1446.258,1424.347,19.536,2.376
385,11.55,1446.065,1424.161,19.533,2.371
386,11.58,1445.894,1423.997,19.531,2.366
387,11.61,1445.725,1423.834,19.529,2.362
388,11.64,1445.563,1423.679,19.527,2.357
389,11.67,1445.403,1423.525,19.525,2.353
390,11.7,1445.248,1423.377,19.523,2.348
391,11.73,1445.09,1423.227,19.52,2.344
392,11.76,1444.942,1423.086,19.517,2.339
393,11.79,1444.809,1422.96,19.514,2.335
394,11.82,1444.685,1422.844,19.511,2.33
395,11.85,1444.56,1422.731,19.503,2.326
396,11.88,1444.436,1422.621,19.493,2.321
397,11.91,1444.316,1422.517,19.483,2.317
398,11.94,1444.204,1422.42,19.472,2.312
399,11.97,1444.096,1422.327,19.462,2.308
400,12.0,1443.999,1422.24,19.455,2.303
401,12.03,1443.909,1422.159,19.451,2.299
402,12.06,1443.827,1422.086,19.447,2.294
403,12.09,1443.752,1422.019,19.443,2.29
404,12.12,1443.69,1421.965,19.439,2.285
405,12.15,1443.641,1421.927,19.435,2.279
406,12.18,1443.596,1421.893,19.431,2.272
407,12.21,1443.554,1421.864,19.426,2.264
408,12.24,1443.511,1421.836,19.42,2.255
409,12.27,1443.469,1421.809,19.413,2.247
410,12.3,1443.428,1421.782,19.407,2.239
411,12.33,1443.389,1421.758,19.401,2.23
412,12.36,1443.363,1421.746,19.394,2.222
413,12.39,1443.358,1421.756,19.387,2.214
414,12.42,1443.364,1421.779,19.379,2.206
415,12.45,1443.379,1421.813,19.368,2.198
416,12.48,1443.399,1421.858,19.352,2.19
417,12.51,1104.156,1082.638,19.336,2.182
418,12.54,1104.191,1082.692,19.324,2.174
419,12.57,1104.234,1082.75,19.317,2.167
420,12.6,1104.282,1082.81,19.313,2.159
421,12.63,1104.331,1082.871,19.309,2.151
422,12.66,1104.388,1082.939,19.305,2.144
423,12.69,1104.454,1083.015,19.302,2.136
424,12.72,1104.53,1083.103,19.299,2.129
425,12.75,1104.609,1083.197,19.293,2.12
426,12.78,1104.712,1083.323,19.28,2.11
427,12.81,1104.818,1083.452,19.266,2.1
428,12.84,1104.929,1083.585,19.253,2.09
429,12.87,1105.047,1083.719,19.247,2.08
430,12.9,1105.162,1083.853,19.239,2.07
431,12.93,1105.272,1083.993,19.22,2.059
432,12.96,1105.386,1084.14,19.197,2.049
433,12.99,1105.522,1084.308,19.175,2.038
434,13.02,1105.67,1084.485,19.157,2.027
435,13.05,1105.825,1084.663,19.145,2.017
436,13.08,1105.985,1084.842,19.137,2.006
437,13.11,1106.151,1085.026,19.129,1.996
438,13.14,1106.315,1085.208,19.122,1.985
439,13.17,1106.486,1085.397,19.115,1.974
440,13.2,1106.663,1085.592,19.108,1.963
441,13.23,1106.846,1085.795,19.102,1.949
442,13.26,1107.031,1086.003,19.093,1.935
443,13.29,1107.222,1086.212,19.084,1.925
444,13.32,1107.419,1086.424,19.075,1.92
445,13.35,1107.619,1086.639,19.066,1.914
446,13.38,1107.816,1086.852,19.057,1.908
447,13.41,1108.016,1087.069,19.047,1.9
448,13.44,1108.224,1087.294,19.038,1.892
449,13.47,1108.439,1087.527,19.028,1.884
450,13.5,1108.658,1087.764,19.018,1.876
451,13.53,1108.881,1088.005,19.008,1.868
452,13.56,1109.11,1088.249,19.001,1.86
453,13.59,1109.342,1088.495,18.996,1.852
454,13.62,1109.578,1088.744,18.99,1.844
455,13.65,1109.814,1088.994,18.984,1.836
456,13.68,1110.06,1089.254,18.978,1.828
457,13.71,1110.304,1089.52,18.964,1.82
458,13.74,1110.551,1089.792,18.947,1.813
459,13.77,1110.802,1090.066,18.931,1.805
460,13.8,1111.062,1090.342,18.923,1.798
461,13.83,1111.327,1090.622,18.915,1.79
462,13.86,1111.593,1090.903,18.907,1.783
463,13.89,1111.864,1091.19,18.898,1.775
464,13.92,1112.142,1091.484,18.89,1.768
465,13.95,1112.428,1091.788,18.879,1.761
466,13.98,1112.716,1092.094,18.868,1.754
467,14.01,1113.004,1092.404,18.853,1.747
468,14.04,1113.295,1092.717,18.838,1.74
469,14.07,1113.588,1093.034,18.821,1.733
470,14.1,1113.882,1093.351,18.805,1.726
471,14.13,1114.181,1093.68,18.782,1.719
472,14.16,1114.486,1094.016,18.758,1.712
473,14.19,1114.807,1094.359,18.742,1.706
474,14.22,1115.136,1094.705,18.731,1.699
475,14.25,1115.461,1095.055,18.713,1.692
476,14.28,1115.788,1095.406,18.695,1.686
477,14.31,1116.119,1095.762,18.678,1.68
478,14.34,1116.462,1096.12,18.668,1.673
479,14.37,1116.821,1096.491,18.663,1.667
480,14.4,1117.189,1096.872,18.658,1.659
481,14.43,1117.555,1097.252,18.654,1.649
482,14.46,1117.921,1097.635,18.649,1.638
483,14.49,1118.289,1098.023,18.641,1.625
484,14.52,1118.667,1098.415,18.633,1.618
485,14.55,1119.046,1098.81,18.621,1.615
486,14.58,1119.432,1099.214,18.606,1.612
487,14.61,1119.823,1099.624,18.589,1.609
488,14.64,1120.213,1100.04,18.567,1.606
489,14.67,1120.613,1100.463,18.547,1.603
490,14.7,1121.026,1100.89,18.537,1.6
491,14.73,1121.445,1101.322,18.526,1.597
492,14.76,1121.866,1101.756,18.516,1.594
493,14.79,1122.297,1102.201,18.506,1.591
494,14.82,1122.737,1102.654,18.496,1.587
495,14.85,1123.183,1103.113,18.485,1.584
496,14.88,1123.632,1103.576,18.474,1.581
497,14.91,1124.085,1104.046,18.461,1.578
498,14.94,1124.533,1104.521,18.437,1.575
499,14.97,1124.98,1105.003,18.404,1.572
500,15.0,1125.426,1105.496,18.361,1.569
501,15.03,1125.888,1105.999,18.322,1.566
502,15.06,1126.366,1106.504,18.299,1.563
503,15.09,1126.851,1107.014,18.277,1.56
504,15.12,1127.344,1107.53,18.257,1.557
505,15.15,1127.839,1108.048,18.237,1.554
506,15.18,1128.343,1108.574,18.217,1.551
507,15.21,1128.859,1109.117,18.195,1.547
508,15.24,1129.388,1109.672,18.174,1.542
509,15.27,1129.922,1110.23,18.156,1.536
510,15.3,1130.461,1110.793,18.139,1.529
511,15.33,1131.001,1111.363,18.116,1.522
512,15.36,1131.548,1111.937,18.096,1.515
513,15.39,1132.106,1112.521,18.077,1.508
514,15.42,1132.684,1113.122,18.061,1.501
515,15.45,1133.27,1113.727,18.049,1.494
516,15.48,1133.864,1114.34,18.037,1.487
517,15.51,1134.455,1114.956,18.019,1.48
518,15.54,1135.049,1115.579,17.996,1.474
519,15.57,1135.651,1116.211,17.973,1.467
520,15.6,1136.266,1116.858,17.947,1.461
521,15.63,1136.892,1117.517,17.922,1.454
522,15.66,1137.523,1118.182,17.893,1.448
523,15.69,1138.161,1118.858,17.864,1.439
524,15.72,1138.809,1119.54,17.84,1.429
525,15.75,1139.466,1120.232,17.817,1.417
526,15.78,1140.14,1120.939,17.795,1.405
527,15.81,1140.822,1121.659,17.77,1.394
528,15.84,1141.513,1122.385,17.747,1.382
529,15.87,1142.212,1123.12,17.722,1.37
530,15.9,1142.91,1123.86,17.693,1.358
531,15.93,1143.619,1124.606,17.667,1.346
532,15.96,1144.347,1125.375,17.638,1.334
533,15.99,1145.099,1126.159,17.618,1.322
534,16.02,1145.859,1126.948,17.6,1.311
535,16.05,1146.633,1127.748,17.587,1.299
536,16.08,1147.409,1128.555,17.567,1.288
537,16.11,1148.188,1129.368,17.543,1.276
538,16.14,1148.998,1130.216,17.517,1.265
539,16.17,1149.824,1131.072,17.498,1.254
540,16.2,1150.656,1131.936,17.477,1.243
541,16.23,1151.478,1132.804,17.444,1.23
542,16.26,1152.302,1133.676,17.409,1.217
543,16.29,1153.146,1134.567,17.378,1.201
544,16.32,1153.998,1135.49,17.324,1.184
545,16.35,1154.878,1136.418,17.291,1.169
546,16.38,1155.66,1137.353,17.146,1.161
547,16.41,1156.452,1138.294,17.004,1.154
548,16.44,1157.252,1139.253,16.853,1.146
549,16.47,1158.098,1140.231,16.728,1.138
550,16.5,1158.938,1141.232,16.576,1.131
551,16.53,1159.764,1142.246,16.395,1.123
552,16.56,1160.592,1143.266,16.211,1.115
553,16.59,1161.459,1144.297,16.054,1.108
554,16.62,1162.305,1145.344,15.86,1.101
555,16.65,1163.138,1146.422,15.623,1.093
556,16.68,1163.998,1147.517,15.395,1.086
557,16.71,1164.858,1148.628,15.152,1.078
558,16.74,1165.754,1149.748,14.938,1.068
559,16.77,1166.619,1150.877,14.685,1.056
560,16.8,1167.51,1152.028,14.44,1.043
561,16.83,1168.432,1153.206,14.191,1.034
562,16.86,1169.265,1154.406,13.83,1.028
563,16.89,1170.116,1155.618,13.477,1.022
564,16.92,1170.989,1156.843,13.13,1.016
565,16.95,1171.92,1158.099,12.811,1.01
566,16.98,1172.869,1159.381,12.484,1.004
567,17.01,1173.845,1160.687,12.159,0.998
568,17.04,1174.876,1162.003,11.88,0.992
569,17.07,1175.946,1163.342,11.617,0.987
570,17.1,1177.051,1164.716,11.354,0.981
571,17.13,1178.216,1166.138,11.103,0.975
572,17.16,1179.394,1167.578,10.846,0.97
573,17.19,1180.572,1169.033,10.575,0.964
574,17.22,1181.728,1170.496,10.274,0.959
575,17.25,1182.935,1171.965,10.017,0.953
576,17.28,1184.113,1173.361,9.803,0.948
577,17.31,1185.228,1174.707,9.579,0.943
578,17.34,1186.294,1176.012,9.344,0.938
579,17.37,1187.291,1177.236,9.124,0.932
580,17.4,1188.262,1178.415,8.923,0.925
581,17.43,1189.217,1179.579,8.72,0.918
582,17.46,1190.14,1180.685,8.544,0.911
583,17.49,1190.992,1181.755,8.333,0.904
584,17.52,1191.805,1182.807,8.101,0.896
585,17.55,1192.623,1183.827,7.908,0.889
586,17.58,1193.424,1184.81,7.734,0.881
587,17.61,1194.211,1185.767,7.57,0.873
588,17.64,1195.008,1186.706,7.437,0.866
589,17.67,1195.787,1187.621,7.307,0.859
590,17.7,1196.529,1188.504,7.174,0.851
591,17.73,1197.244,1189.374,7.026,0.844
592,17.76,1197.94,1190.23,6.872,0.837
593,17.79,1198.612,1191.072,6.711,0.83
594,17.82,1199.248,1191.888,6.539,0.822
595,17.85,1199.872,1192.679,6.38,0.812
596,17.88,1200.505,1193.467,6.237,0.802
597,17.91,1201.13,1194.249,6.089,0.792
598,17.94,1201.765,1195.033,5.941,0.791
599,17.97,1202.387,1195.814,5.786,0.788
600,18.0,1203.025,1196.602,5.639,0.784
601,18.03,1203.656,1197.393,5.485,0.778
602,18.06,1204.307,1198.188,5.347,0.772
603,18.09,1204.958,1198.98,5.211,0.767
604,18.12,1205.625,1199.776,5.088,0.761
605,18.15,1206.297,1200.569,4.972,0.756
606,18.18,1206.986,1201.366,4.871,0.75
607,18.21,1207.65,1202.16,4.748,0.742
608,18.24,1208.308,1202.959,4.615,0.734
609,18.27,1208.962,1203.768,4.471,0.723
610,18.3,1209.583,1204.574,4.299,0.71
611,18.33,1210.196,1205.383,4.116,0.697
612,18.36,1210.781,1206.192,3.906,0.684
613,18.39,1211.38,1207.002,3.707,0.67
614,18.42,1211.959,1207.811,3.491,0.657
615,18.45,1212.558,1208.622,3.292,0.645
616,18.48,1213.171,1209.444,3.096,0.632
617,18.51,1213.81,1210.272,2.919,0.619
618,18.54,1214.444,1211.096,2.74,0.607
619,18.57,1215.078,1211.925,2.56,0.593
620,18.6,1215.71,1212.752,2.38,0.578
621,18.63,1216.369,1213.581,2.227,0.561
622,18.66,1217.044,1214.412,2.088,0.543
623,18.69,1217.713,1215.25,1.938,0.525
624,18.72,1218.394,1216.099,1.788,0.507
625,18.75,1219.107,1216.945,1.673,0.49
626,18.78,1219.821,1217.794,1.556,0.471
627,18.81,1220.557,1218.645,1.459,0.452
628,18.84,1221.299,1219.499,1.367,0.433
629,18.87,1222.072,1220.366,1.293,0.413
630,18.9,1222.849,1221.241,1.215,0.392
631,18.93,1223.64,1222.115,1.154,0.371
632,18.96,1224.468,1222.992,1.127,0.35
633,18.99,1225.301,1223.869,1.104,0.328
634,19.02,1226.157,1224.768,1.083,0.306
635,19.05,1227.008,1225.667,1.059,0.282
636,19.08,1227.864,1226.569,1.037,0.258
637,19.11,1228.725,1227.474,1.016,0.236
638,19.14,1229.619,1228.405,0.994,0.22
639,19.17,1230.515,1229.34,0.97,0.205
640,19.2,1231.419,1230.281,0.949,0.189
641,19.23,1232.336,1231.233,0.931,0.172
642,19.26,1233.261,1232.191,0.915,0.155
643,19.29,1234.207,1233.174,0.9,0.134
644,19.32,1235.162,1234.165,0.885,0.112
645,19.35,1236.122,1235.163,0.865,0.094
646,19.38,1237.076,1236.16,0.838,0.079
647,19.41,1237.962,1237.078,0.815,0.069
648,19.44,1238.81,1237.958,0.789,0.063
649,19.47,1239.617,1238.802,0.758,0.057
650,19.5,1240.41,1239.618,0.741,0.051
651,19.53,1241.172,1240.411,0.715,0.046
652,19.56,1241.918,1241.186,0.693,0.04
653,19.59,1242.644,1241.94,0.669,0.035
654,19.62,1243.346,1242.676,0.642,0.029
655,19.65,1244.034,1243.397,0.615,0.022
656,19.68,1244.706,1244.101,0.591,0.013
657,19.71,1245.36,1244.793,0.562,0.004
658,19.74,1246.008,1245.473,0.535,0.0
659,19.77,1246.638,1246.136,0.503,0.0
660,19.8,1247.232,1246.783,0.449,0.0
661,19.83,1247.818,1247.417,0.401,0.0
662,19.86,1248.415,1248.045,0.37,0.0
663,19.89,1248.997,1248.661,0.335,0.0
664,19.92,1249.558,1249.254,0.304,0.0
665,19.95,1250.122,1249.842,0.279,0.0
666,19.98,1250.654,1250.417,0.237,0.0
667,20.01,1251.181,1250.973,0.209,0.0
668,20.04,1251.711,1251.52,0.191,0.0
669,20.07,1252.22,1252.057,0.163,0.0
670,20.1,1252.732,1252.586,0.146,0.0
671,20.13,1253.238,1253.11,0.128,0.0
672,20.16,1253.743,1253.628,0.115,0.0
673,20.19,1254.247,1254.144,0.103,0.0
674,20.22,1254.738,1254.655,0.083,0.0
675,20.25,1255.225,1255.162,0.064,0.0
676,20.28,1255.72,1255.665,0.055,0.0
677,20.31,1256.215,1256.168,0.048,0.0
678,20.34,1256.698,1256.665,0.033,0.0
679,20.37,1257.184,1257.158,0.026,0.0
680,20.4,1257.662,1257.648,0.013,0.0
681,20.43,1258.141,1258.139,0.002,0.0
682,20.46,1258.626,1258.626,0.0,0.0
683,20.49,1259.113,1259.113,0.0,0.0
684,20.52,1259.596,1259.596,0.0,0.0
685,20.55,1260.079,1260.079,0.0,0.0
686,20.58,1260.563,1260.563,0.0,0.0
687,20.61,1261.041,1261.041,0.0,0.0
688,20.64,1261.52,1261.52,0.0,0.0
689,20.67,1261.999,1261.999,0.0,0.0
690,20.7,1262.43,1262.43,0.0,0.0
691,20.73,1262.788,1262.788,0.0,0.0
692,20.76,1263.105,1263.105,0.0,0.0
693,20.79,1263.383,1263.383,0.0,0.0
694,20.82,1263.64,1263.64,0.0,0.0
695,20.85,1263.868,1263.868,0.0,0.0
696,20.88,1264.074,1264.074,0.0,0.0
697,20.91,1264.259,1264.259,0.0,0.0
698,20.94,1264.426,1264.426,0.0,0.0
699,20.97,1264.576,1264.576,0.0,0.0
700,21.0,1264.708,1264.708,0.0,0.0
701,21.03,1264.826,1264.826,0.0,0.0
702,21.06,1264.927,1264.927,0.0,0.0
703,21.09,1265.02,1265.02,0.0,0.0
704,21.12,1265.096,1265.096,0.0,0.0
705,21.15,1265.161,1265.161,0.0,0.0
706,21.18,1265.213,1265.213,0.0,0.0
707,21.21,1265.258,1265.258,0.0,0.0
708,21.24,1265.287,1265.287,0.0,0.0
709,21.27,1265.31,1265.31,0.0,0.0
710,21.3,1265.322,1265.322,0.0,0.0
711,21.33,1265.325,1265.325,0.0,0.0
712,21.36,1265.32,1265.32,0.0,0.0
713,21.39,1265.308,1265.308,0.0,0.0
714,21.42,1265.286,1265.286,0.0,0.0
715,21.45,1265.258,1265.258,0.0,0.0
716,21.48,1265.221,1265.221,0.0,0.0
717,21.51,1265.177,1265.177,0.0,0.0
718,21.54,1265.128,1265.128,0.0,0.0
719,21.57,1265.071,1265.071,0.0,0.0
720,21.6,1265.009,1265.009,0.0,0.0
721,21.63,1264.94,1264.94,0.0,0.0
722,21.66,1264.867,1264.867,0.0,0.0
723,21.69,1264.786,1264.786,0.0,0.0
724,21.72,1264.702,1264.702,0.0,0.0
725,21.75,1264.613,1264.613,0.0,0.0
726,21.78,1264.543,1264.543,0.0,0.0
727,21.81,1264.536,1264.536,0.0,0.0
728,21.84,1264.566,1264.566,0.0,0.0
729,21.87,1264.625,1264.625,0.0,0.0
730,21.9,1264.702,1264.702,0.0,0.0
731,21.93,1264.802,1264.802,0.0,0.0
732,21.96,1264.918,1264.918,0.0,0.0
733,21.99,1265.052,1265.052,0.0,0.0
734,22.02,1265.201,1265.201,0.0,0.0
735,22.05,1265.367,1265.367,0.0,0.0
736,22.08,1265.549,1265.549,0.0,0.0
737,22.11,1265.745,1265.745,0.0,0.0
738,22.14,1265.958,1265.958,0.0,0.0
739,22.17,1266.202,1266.202,0.0,0.0
740,22.2,1266.463,1266.463,0.0,0.0
741,22.23,1266.735,1266.735,0.0,0.0
742,22.26,1267.011,1267.011,0.0,0.0
743,22.29,1267.293,1267.293,0.0,0.0
744,22.32,1267.582,1267.582,0.0,0.0
745,22.35,1267.873,1267.873,0.0,0.0
746,22.38,1268.17,1268.17,0.0,0.0
747,22.41,1268.471,1268.471,0.0,0.0
748,22.44,1268.777,1268.777,0.0,0.0
749,22.47,1269.107,1269.107,0.0,0.0
750,22.5,1269.46,1269.46,0.0,0.0
751,22.53,1269.824,1269.824,0.0,0.0
752,22.56,1270.202,1270.202,0.0,0.0
753,22.59,1270.588,1270.588,0.0,0.0
754,22.62,1270.984,1270.984,0.0,0.0
755,22.65,1271.39,1271.39,0.0,0.0
756,22.68,1271.803,1271.803,0.0,0.0
757,22.71,1272.22,1272.22,0.0,0.0
758,22.74,1272.649,1272.649,0.0,0.0
759,22.77,1273.082,1273.082,0.0,0.0
760,22.8,1273.52,1273.52,0.0,0.0
761,22.83,1273.966,1273.966,0.0,0.0
762,22.86,1274.415,1274.415,0.0,0.0
763,22.89,1274.873,1274.873,0.0,0.0
764,22.92,1275.333,1275.333,0.0,0.0
765,22.95,1275.798,1275.798,0.0,0.0
766,22.98,1276.269,1276.269,0.0,0.0
767,23.01,1276.744,1276.744,0.0,0.0
768,23.04,1277.222,1277.222,0.0,0.0
769,23.07,1277.705,1277.705,0.0,0.0
770,23.1,1278.191,1278.191,0.0,0.0
771,23.13,1278.684,1278.684,0.0,0.0
772,23.16,1279.177,1279.177,0.0,0.0
773,23.19,1279.675,1279.675,0.0,0.0
774,23.22,1280.178,1280.178,0.0,0.0
775,23.25,1280.679,1280.679,0.0,0.0
776,23.28,1281.187,1281.187,0.0,0.0
777,23.31,1281.695,1281.695,0.0,0.0
778,23.34,1282.206,1282.206,0.0,0.0
779,23.37,1282.721,1282.721,0.0,0.0
780,23.4,1283.239,1283.239,0.0,0.0
781,23.43,1283.755,1283.755,0.0,0.0
782,23.46,1284.275,1284.275,0.0,0.0
783,23.49,1284.796,1284.796,0.0,0.0
784,23.52,1285.319,1285.319,0.0,0.0
785,23.55,1285.842,1285.842,0.0,0.0
786,23.58,1286.368,1286.368,0.0,0.0
787,23.61,1286.894,1286.894,0.0,0.0
788,23.64,1287.422,1287.422,0.0,0.0
789,23.67,1287.953,1287.953,0.0,0.0
790,23.7,1288.481,1288.481,0.0,0.0
791,23.73,1289.013,1289.013,0.0,0.0
792,23.76,1289.545,1289.545,0.0,0.0
793,23.79,1290.078,1290.078,0.0,0.0
794,23.82,1290.61,1290.61,0.0,0.0
795,23.85,1291.146,1291.146,0.0,0.0
796,23.88,1291.678,1291.678,0.0,0.0
797,23.91,1292.213,1292.213,0.0,0.0
798,23.94,1292.746,1292.746,0.0,0.0
799,23.97,1293.279,1293.279,0.0,0.0
800,24.0,1293.813,1293.813,0.0,0.0
801,24.03,1294.346,1294.346,0.0,0.0
802,24.06,1294.877,1294.877,0.0,0.0
803,24.09,1295.41,1295.41,0.0,0.0
804,24.12,1295.939,1295.939,0.0,0.0
805,24.15,1296.467,1296.467,0.0,0.0
806,24.18,1296.995,1296.995,0.0,0.0
807,24.21,1297.521,1297.521,0.0,0.0
808,24.24,1298.047,1298.047,0.0,0.0
809,24.27,1298.568,1298.568,0.0,0.0
810,24.3,1299.09,1299.09,0.0,0.0
811,24.33,1299.608,1299.608,0.0,0.0
812,24.36,1300.123,1300.123,0.0,0.0
813,24.39,1300.636,1300.636,0.0,0.0
814,24.42,1301.144,1301.144,0.0,0.0
815,24.45,1301.649,1301.649,0.0,0.0
816,24.48,1302.151,1302.151,0.0,0.0
817,24.51,1302.644,1302.644,0.0,0.0
818,24.54,1303.134,1303.134,0.0,0.0
819,24.57,1303.616,1303.616,0.0,0.0
820,24.6,1304.088,1304.088,0.0,0.0
821,24.63,1304.55,1304.55,0.0,0.0
822,24.66,1304.988,1304.988,0.0,0.0
823,24.69,1305.417,1305.417,0.0,0.0
824,24.72,1305.849,1305.849,0.0,0.0
825,24.75,1306.279,1306.279,0.0,0.0
826,24.78,1306.706,1306.706,0.0,0.0
827,24.81,1307.135,1307.135,0.0,0.0
828,24.84,1307.565,1307.565,0.0,0.0
829,24.87,1307.994,1307.994,0.0,0.0
830,24.9,1308.422,1308.422,0.0,0.0
831,24.93,1308.85,1308.85,0.0,0.0
832,24.96,1309.276,1309.276,0.0,0.0
833,24.99,1309.701,1309.701,0.0,0.0
834,25.02,1310.126,1310.126,0.0,0.0
835,25.05,1310.547,1310.547,0.0,0.0
836,25.08,1310.966,1310.966,0.0,0.0
837,25.11,1311.385,1311.385,0.0,0.0
838,25.14,1311.796,1311.796,0.0,0.0
839,25.17,1312.203,1312.203,0.0,0.0
840,25.2,1312.606,1312.606,0.0,0.0
841,25.23,1312.996,1312.996,0.0,0.0
842,25.26,1313.381,1313.381,0.0,0.0
843,25.29,1313.751,1313.751,0.0,0.0
844,25.32,1314.1,1314.1,0.0,0.0
845,25.35,1314.394,1314.394,0.0,0.0
846,25.38,1314.615,1314.615,0.0,0.0
847,25.41,1314.679,1314.679,0.0,0.0
848,25.44,1314.445,1314.445,0.0,0.0
849,25.47,1314.181,1314.181,0.0,0.0
850,25.5,1313.914,1313.914,0.0,0.0
851,25.53,1313.65,1313.65,0.0,0.0
852,25.56,1313.384,1313.384,0.0,0.0
853,25.59,1313.122,1313.122,0.0,0.0
854,25.62,1312.857,1312.857,0.0,0.0
855,25.65,1312.596,1312.596,0.0,0.0
856,25.68,1312.332,1312.332,0.0,0.0
857,25.71,1312.109,1312.109,0.0,0.0
858,25.74,1311.898,1311.898,0.0,0.0
859,25.77,1311.687,1311.687,0.0,0.0
860,25.8,1311.477,1311.477,0.0,0.0
861,25.83,1311.272,1311.272,0.0,0.0
862,25.86,1311.067,1311.067,0.0,0.0
863,25.89,1310.874,1310.874,0.0,0.0
864,25.92,1310.686,1310.686,0.0,0.0
865,25.95,1310.512,1310.512,0.0,0.0
866,25.98,1310.347,1310.347,0.0,0.0
867,26.01,1310.188,1310.188,0.0,0.0
868,26.04,1310.036,1310.036,0.0,0.0
869,26.07,1309.891,1309.891,0.0,0.0
870,26.1,1309.751,1309.751,0.0,0.0
871,26.13,1309.614,1309.614,0.0,0.0
872,26.16,1309.481,1309.481,0.0,0.0
873,26.19,1309.354,1309.354,0.0,0.0
874,26.22,1309.233,1309.233,0.0,0.0
875,26.25,1309.142,1309.142,0.0,0.0
876,26.28,1309.06,1309.06,0.0,0.0
877,26.31,1308.978,1308.978,0.0,0.0
878,26.34,1308.896,1308.896,0.0,0.0
879,26.37,1308.812,1308.812,0.0,0.0
880,26.4,1308.727,1308.727,0.0,0.0
881,26.43,1308.642,1308.642,0.0,0.0
882,26.46,1308.56,1308.56,0.0,0.0
883,26.49,1308.516,1308.516,0.0,0.0
884,26.52,1308.477,1308.477,0.0,0.0
885,26.55,1308.436,1308.436,0.0,0.0
886,26.58,1308.39,1308.39,0.0,0.0
887,26.61,1308.342,1308.342,0.0,0.0
888,26.64,1308.306,1308.306,0.0,0.0
889,26.67,1308.295,1308.295,0.0,0.0
890,26.7,1308.281,1308.281,0.0,0.0
891,26.73,1308.265,1308.265,0.0,0.0
892,26.76,1308.247,1308.247,0.0,0.0
893,26.79,1308.225,1308.225,0.0,0.0
894,26.82,1308.199,1308.199,0.0,0.0
895,26.85,1308.174,1308.174,0.0,0.0
896,26.88,1308.11,1308.11,0.0,0.0
897,26.91,1307.985,1307.985,0.0,0.0
898,26.94,1307.815,1307.815,0.0,0.0
899,26.97,1307.603,1307.603,0.0,0.0
900,27.0,1307.327,1307.327,0.0,0.0
901,27.03,1307.002,1307.002,0.0,0.0
902,27.06,1306.604,1306.604,0.0,0.0
903,27.09,1306.123,1306.123,0.0,0.0
904,27.12,1305.591,1305.591,0.0,0.0
905,27.15,1304.94,1304.94,0.0,0.0
906,27.18,1304.182,1304.182,0.0,0.0
907,27.21,1303.355,1303.355,0.0,0.0
908,27.24,1302.396,1302.396,0.0,0.0
909,27.27,1301.299,1301.299,0.0,0.0
910,27.3,1300.07,1300.07,0.0,0.0
911,27.33,1298.722,1298.722,0.0,0.0
912,27.36,1297.169,1297.169,0.0,0.0
913,27.39,1295.372,1295.372,0.0,0.0
914,27.42,1293.274,1293.274,0.0,0.0
915,27.45,1290.706,1290.706,0.0,0.0
916,27.48,1287.116,1287.116,0.0,0.0
917,27.51,1229.076,1229.076,0.0,0.0
918,27.54,1225.121,1225.121,0.0,0.0
919,27.57,1221.604,1221.604,0.0,0.0
920,27.6,1218.37,1218.37,0.0,0.0
921,27.63,1215.311,1215.311,0.0,0.0
922,27.66,1212.35,1212.35,0.0,0.0
923,27.69,1209.518,1209.518,0.0,0.0
924,27.72,1206.739,1206.739,0.0,0.0
925,27.75,1204.036,1204.036,0.0,0.0
926,27.78,1201.391,1201.391,0.0,0.0
927,27.81,1198.771,1198.771,0.0,0.0
928,27.84,1196.231,1196.231,0.0,0.0
929,27.87,1193.707,1193.707,0.0,0.0
930,27.9,1191.21,1191.21,0.0,0.0
931,27.93,1188.778,1188.778,0.0,0.0
932,27.96,1186.359,1186.359,0.0,0.0
933,27.99,1183.967,1183.967,0.0,0.0
934,28.02,1181.648,1181.648,0.0,0.0
935,28.05,1179.362,1179.362,0.0,0.0
936,28.08,1177.113,1177.113,0.0,0.0
937,28.11,1174.896,1174.896,0.0,0.0
938,28.14,1172.744,1172.744,0.0,0.0
939,28.17,1170.613,1170.613,0.0,0.0
940,28.2,1168.513,1168.513,0.0,0.0
941,28.23,1166.45,1166.45,0.0,0.0
942,28.26,1164.435,1164.435,0.0,0.0
943,28.29,1162.445,1162.445,0.0,0.0
944,28.32,1160.483,1160.483,0.0,0.0
945,28.35,1158.55,1158.55,0.0,0.0
946,28.38,1156.676,1156.676,0.0,0.0
947,28.41,1154.826,1154.826,0.0,0.0
948,28.44,1153.01,1153.01,0.0,0.0
949,28.47,1151.224,1151.224,0.0,0.0
950,28.5,1149.493,1149.493,0.0,0.0
951,28.53,1147.805,1147.805,0.0,0.0
952,28.56,1146.162,1146.162,0.0,0.0
953,28.59,1144.588,1144.588,0.0,0.0
954,28.62,1143.09,1143.09,0.0,0.0
955,28.65,1141.627,1141.627,0.0,0.0
956,28.68,1140.166,1140.166,0.0,0.0
957,28.71,1138.712,1138.712,0.0,0.0
958,28.74,1137.263,1137.263,0.0,0.0
959,28.77,1135.82,1135.82,0.0,0.0
960,28.8,1134.405,1134.405,0.0,0.0
961,28.83,1132.994,1132.994,0.0,0.0
962,28.86,1131.587,1131.587,0.0,0.0
963,28.89,1130.184,1130.184,0.0,0.0
964,28.92,1128.788,1128.788,0.0,0.0
965,28.95,1127.409,1127.409,0.0,0.0
966,28.98,1126.04,1126.04,0.0,0.0
967,29.01,1124.673,1124.673,0.0,0.0
968,29.04,1123.329,1123.329,0.0,0.0
969,29.07,1122.068,1122.068,0.0,0.0
970,29.1,1120.866,1120.866,0.0,0.0
971,29.13,1119.714,1119.714,0.0,0.0
972,29.16,1118.592,1118.592,0.0,0.0
973,29.19,1117.505,1117.505,0.0,0.0
974,29.22,1116.448,1116.448,0.0,0.0
975,29.25,1115.417,1115.417,0.0,0.0
976,29.28,1114.417,1114.417,0.0,0.0
977,29.31,1113.446,1113.446,0.0,0.0
978,29.34,1112.504,1112.504,0.0,0.0
979,29.37,1111.595,1111.595,0.0,0.0
980,29.4,1110.704,1110.704,0.0,0.0
981,29.43,1109.83,1109.83,0.0,0.0
982,29.46,1108.983,1108.983,0.0,0.0
983,29.49,1108.174,1108.174,0.0,0.0
984,29.52,1107.38,1107.38,0.0,0.0
985,29.55,1106.609,1106.609,0.0,0.0
986,29.58,1105.855,1105.855,0.0,0.0
987,29.61,1105.113,1105.113,0.0,0.0
988,29.64,1104.409,1104.409,0.0,0.0
989,29.67,1103.726,1103.726,0.0,0.0
990,29.7,1103.055,1103.055,0.0,0.0
991,29.73,1102.406,1102.406,0.0,0.0
992,29.76,1101.773,1101.773,0.0,0.0
993,29.79,1101.158,1101.158,0.0,0.0
994,29.82,1100.568,1100.568,0.0,0.0
995,29.85,1100.001,1100.001,0.0,0.0
996,29.88,1099.452,1099.452,0.0,0.0
997,29.91,1098.917,1098.917,0.0,0.0
998,29.94,1098.401,1098.401,0.0,0.0
999,29.97,1097.896,1097.896,0.0,0.0
1000,30.0,1097.409,1097.409,0.0,0.0
1001,30.03,1096.958,1096.958,0.0,0.0
1002,30.06,1096.52,1096.52,0.0,0.0
1003,30.09,1096.095,1096.095,0.0,0.0
1004,30.12,1095.685,1095.685,0.0,0.0
1005,30.15,1095.289,1095.289,0.0,0.0
1006,30.18,1094.902,1094.902,0.0,0.0
1007,30.21,1094.529,1094.529,0.0,0.0
1008,30.24,1094.174,1094.174,0.0,0.0
1009,30.27,1093.829,1093.829,0.0,0.0
1010,30.3,1093.492,1093.492,0.0,0.0
1011,30.33,1093.173,1093.173,0.0,0.0
1012,30.36,1092.863,1092.863,0.0,0.0
1013,30.39,1092.561,1092.561,0.0,0.0
1014,30.42,1092.276,1092.276,0.0,0.0
1015,30.45,1092.004,1092.004,0.0,0.0
1016,30.48,1091.74,1091.74,0.0,0.0
1017,30.51,1091.487,1091.487,0.0,0.0
1018,30.54,1091.249,1091.249,0.0,0.0
1019,30.57,1091.018,1091.018,0.0,0.0
1020,30.6,1090.795,1090.795,0.0,0.0
1021,30.63,1090.593,1090.593,0.0,0.0
1022,30.66,1090.4,1090.4,0.0,0.0
1023,30.69,1090.214,1090.214,0.0,0.0
1024,30.72,1090.041,1090.041,0.0,0.0
1025,30.75,1089.879,1089.879,0.0,0.0
1026,30.78,1089.723,1089.723,0.0,0.0
1027,30.81,1089.577,1089.577,0.0,0.0
1028,30.84,1089.45,1089.45,0.0,0.0
1029,30.87,1089.331,1089.331,0.0,0.0
1030,30.9,1083.751,1083.751,0.0,0.0
1031,30.93,1078.438,1078.438,0.0,0.0
1032,30.96,1075.004,1075.004,0.0,0.0
1033,30.99,1072.258,1072.258,0.0,0.0
1034,31.02,1069.916,1069.916,0.0,0.0
1035,31.05,1067.886,1067.886,0.0,0.0
1036,31.08,1066.051,1066.051,0.0,0.0
1037,31.11,1064.379,1064.379,0.0,0.0
1038,31.14,1062.843,1062.843,0.0,0.0
1039,31.17,1061.414,1061.414,0.0,0.0
1040,31.2,1060.095,1060.095,0.0,0.0
1041,31.23,1058.855,1058.855,0.0,0.0
1042,31.26,1057.706,1057.706,0.0,0.0
1043,31.29,1056.617,1056.617,0.0,0.0
1044,31.32,1055.594,1055.594,0.0,0.0
1045,31.35,1054.614,1054.614,0.0,0.0
1046,31.38,1053.71,1053.71,0.0,0.0
1047,31.41,1052.853,1052.853,0.0,0.0
1048,31.44,1052.044,1052.044,0.0,0.0
1049,31.47,1051.287,1051.287,0.0,0.0
1050,31.5,1050.582,1050.582,0.0,0.0
1051,31.53,1049.947,1049.947,0.0,0.0
1052,31.56,1049.35,1049.35,0.0,0.0
1053,31.59,1048.775,1048.775,0.0,0.0
1054,31.62,1048.225,1048.225,0.0,0.0
1055,31.65,1047.718,1047.718,0.0,0.0
1056,31.68,1047.234,1047.234,0.0,0.0
1057,31.71,1046.77,1046.77,0.0,0.0
1058,31.74,1046.289,1046.289,0.0,0.0
1059,31.77,1045.822,1045.822,0.0,0.0
1060,31.8,1045.361,1045.361,0.0,0.0
1061,31.83,1044.899,1044.899,0.0,0.0
1062,31.86,1044.439,1044.439,0.0,0.0
1063,31.89,1043.994,1043.994,0.0,0.0
1064,31.92,1043.571,1043.571,0.0,0.0
1065,31.95,1043.161,1043.161,0.0,0.0
1066,31.98,1042.755,1042.755,0.0,0.0
1067,32.01,1042.356,1042.356,0.0,0.0
1068,32.04,1041.97,1041.97,0.0,0.0
1069,32.07,1041.6,1041.6,0.0,0.0
1070,32.1,1041.248,1041.248,0.0,0.0
1071,32.13,1040.907,1040.907,0.0,0.0
1072,32.16,1040.572,1040.572,0.0,0.0
1073,32.19,1040.242,1040.242,0.0,0.0
1074,32.22,1039.937,1039.937,0.0,0.0
1075,32.25,1039.651,1039.651,0.0,0.0
1076,32.28,1039.363,1039.363,0.0,0.0
1077,32.31,1039.084,1039.084,0.0,0.0
1078,32.34,1038.83,1038.83,0.0,0.0
1079,32.37,1038.58,1038.58,0.0,0.0
1080,32.4,1038.341,1038.341,0.0,0.0
1081,32.43,1038.12,1038.12,0.0,0.0
1082,32.46,1037.913,1037.913,0.0,0.0
1083,32.49,1037.713,1037.713,0.0,0.0
1084,32.52,1037.521,1037.521,0.0,0.0
1085,32.55,1037.351,1037.351,0.0,0.0
1086,32.58,1037.196,1037.196,0.0,0.0
1087,32.61,1037.045,1037.045,0.0,0.0
1088,32.64,1036.905,1036.905,0.0,0.0
1089,32.67,1036.784,1036.784,0.0,0.0
1090,32.7,1036.68,1036.68,0.0,0.0
1091,32.73,1036.58,1036.58,0.0,0.0
1092,32.76,1036.489,1036.489,0.0,0.0
1093,32.79,1036.422,1036.422,0.0,0.0
1094,32.82,1036.369,1036.369,0.0,0.0
1095,32.85,1036.322,1036.322,0.0,0.0
1096,32.88,1036.282,1036.282,0.0,0.0
1097,32.91,1036.268,1036.268,0.0,0.0
1098,32.94,1036.271,1036.271,0.0,0.0
1099,32.97,1036.285,1036.285,0.0,0.0
1100,33.0,1019.344,1019.344,0.0,0.0
1101,33.03,1019.387,1019.387,0.0,0.0
1102,33.06,1019.45,1019.45,0.0,0.0
1103,33.09,1019.522,1019.522,0.0,0.0
1104,33.12,1019.608,1019.608,0.0,0.0
1105,33.15,1019.725,1019.725,0.0,0.0
1106,33.18,1019.855,1019.855,0.0,0.0
1107,33.21,1019.995,1019.995,0.0,0.0
1108,33.24,1020.149,1020.149,0.0,0.0
1109,33.27,1020.328,1020.328,0.0,0.0
1110,33.3,1020.539,1020.539,0.0,0.0
1111,33.33,1020.776,1020.776,0.0,0.0
1112,33.36,1021.04,1021.04,0.0,0.0
1113,33.39,1021.349,1021.349,0.0,0.0
1114,33.42,1021.671,1021.671,0.0,0.0
1115,33.45,1022.016,1022.016,0.0,0.0
1116,33.48,1022.371,1022.371,0.0,0.0
1117,33.51,1022.729,1022.729,0.0,0.0
1118,33.54,1023.099,1023.099,0.0,0.0
1119,33.57,1023.491,1023.491,0.0,0.0
1120,33.6,1023.888,1023.888,0.0,0.0
1121,33.63,1024.286,1024.286,0.0,0.0
1122,33.66,1024.702,1024.702,0.0,0.0
1123,33.69,1025.14,1025.14,0.0,0.0
1124,33.72,1025.583,1025.583,0.0,0.0
1125,33.75,1026.038,1026.038,0.0,0.0
1126,33.78,1026.508,1026.508,0.0,0.0
1127,33.81,1026.984,1026.984,0.0,0.0
1128,33.84,1027.481,1027.481,0.0,0.0
1129,33.87,1027.981,1027.981,0.0,0.0
1130,33.9,1028.503,1028.503,0.0,0.0
1131,33.93,1029.043,1029.043,0.0,0.0
1132,33.96,1029.592,1029.592,0.0,0.0
1133,33.99,1030.163,1030.163,0.0,0.0
1134,34.02,1030.746,1030.746,0.0,0.0
1135,34.05,1031.336,1031.336,0.0,0.0
1136,34.08,1031.945,1031.945,0.0,0.0
1137,34.11,1032.56,1032.56,0.0,0.0
1138,34.14,1033.211,1033.211,0.0,0.0
1139,34.17,1033.877,1033.877,0.0,0.0
1140,34.2,1034.549,1034.549,0.0,0.0
1141,34.23,1035.239,1035.239,0.0,0.0
1142,34.26,1035.943,1035.943,0.0,0.0
1143,34.29,1036.69,1036.69,0.0,0.0
1144,34.32,1037.442,1037.442,0.0,0.0
1145,34.35,1038.212,1038.212,0.0,0.0
1146,34.38,1038.997,1038.997,0.0,0.0
1147,34.41,1039.83,1039.83,0.0,0.0
1148,34.44,1040.682,1040.682,0.0,0.0
1149,34.47,1041.548,1041.548,0.0,0.0
1150,34.5,1042.441,1042.441,0.0,0.0
1151,34.53,1043.386,1043.386,0.0,0.0
1152,34.56,1044.346,1044.346,0.0,0.0
1153,34.59,1045.334,1045.334,0.0,0.0
1154,34.62,1046.386,1046.386,0.0,0.0
1155,34.65,1047.452,1047.452,0.0,0.0
1156,34.68,1048.577,1048.577,0.0,0.0
1157,34.71,1049.752,1049.752,0.0,0.0
1158,34.74,1050.976,1050.976,0.0,0.0
1159,34.77,1052.271,1052.271,0.0,0.0
1160,34.8,1053.634,1053.634,0.0,0.0
1161,34.83,1055.069,1055.069,0.0,0.0
1162,34.86,1056.628,1056.628,0.0,0.0
1163,34.89,1058.282,1058.282,0.0,0.0
1164,34.92,1060.078,1060.078,0.0,0.0
1165,34.95,1062.069,1062.069,0.0,0.0
1166,34.98,1064.284,1064.284,0.0,0.0
1167,35.01,1066.859,1066.859,0.0,0.0
1168,35.04,1070.012,1070.012,0.0,0.0
1169,35.07,1074.48,1074.48,0.0,0.0
1170,35.1,1081.794,1081.794,0.0,0.0
1171,35.13,1081.827,1081.827,0.0,0.0
1172,35.16,1081.855,1081.855,0.0,0.0
1173,35.19,1081.879,1081.879,0.0,0.0
1174,35.22,1081.898,1081.898,0.0,0.0
1175,35.25,1081.913,1081.913,0.0,0.0
1176,35.28,1081.923,1081.923,0.0,0.0
1177,35.31,1081.928,1081.928,0.0,0.0
1178,35.34,1081.927,1081.927,0.0,0.0
1179,35.37,1081.924,1081.924,0.0,0.0
1180,35.4,1081.913,1081.913,0.0,0.0
1181,35.43,1081.898,1081.898,0.0,0.0
1182,35.46,1081.876,1081.876,0.0,0.0
1183,35.49,1081.851,1081.851,0.0,0.0
1184,35.52,1081.818,1081.818,0.0,0.0
1185,35.55,1081.781,1081.781,0.0,0.0
1186,35.58,1081.739,1081.739,0.0,0.0
1187,35.61,1081.69,1081.69,0.0,0.0
1188,35.64,1081.635,1081.635,0.0,0.0
1189,35.67,1081.573,1081.573,0.0,0.0
1190,35.7,1081.505,1081.505,0.0,0.0
1191,35.73,1081.431,1081.431,0.0,0.0
1192,35.76,1081.35,1081.35,0.0,0.0
1193,35.79,1081.265,1081.265,0.0,0.0
1194,35.82,1081.17,1081.17,0.0,0.0
1195,35.85,1081.069,1081.069,0.0,0.0
1196,35.88,1080.961,1080.961,0.0,0.0
1197,35.91,1080.847,1080.847,0.0,0.0
1198,35.94,1080.725,1080.725,0.0,0.0
1199,35.97,1080.595,1080.595,0.0,0.0
1200,36.0,1080.457,1080.457,0.0,0.0
1201,36.03,1080.313,1080.313,0.0,0.0
1202,36.06,1080.159,1080.159,0.0,0.0
1203,36.09,1079.998,1079.998,0.0,0.0
1204,36.12,1079.827,1079.827,0.0,0.0
1205,36.15,1079.648,1079.648,0.0,0.0
1206,36.18,1079.462,1079.462,0.0,0.0
1207,36.21,1079.265,1079.265,0.0,0.0
1208,36.24,1079.058,1079.058,0.0,0.0
1209,36.27,1078.842,1078.842,0.0,0.0
1210,36.3,1078.616,1078.616,0.0,0.0
1211,36.33,1078.381,1078.381,0.0,0.0
1212,36.36,1078.135,1078.135,0.0,0.0
1213,36.39,1077.877,1077.877,0.0,0.0
1214,36.42,1077.609,1077.609,0.0,0.0
1215,36.45,1077.328,1077.328,0.0,0.0
1216,36.48,1077.036,1077.036,0.0,0.0
1217,36.51,1076.732,1076.732,0.0,0.0
1218,36.54,1076.348,1076.348,0.0,0.0
1219,36.57,1075.837,1075.837,0.0,0.0
1220,36.6,1075.268,1075.268,0.0,0.0
1221,36.63,1074.635,1074.635,0.0,0.0
1222,36.66,1073.846,1073.846,0.0,0.0
1223,36.69,1072.972,1072.972,0.0,0.0
1224,36.72,1072.023,1072.023,0.0,0.0
1225,36.75,1070.91,1070.91,0.0,0.0
1226,36.78,1069.68,1069.68,0.0,0.0
1227,36.81,1068.299,1068.299,0.0,0.0
1228,36.84,1066.712,1066.712,0.0,0.0
1229,36.87,1064.903,1064.903,0.0,0.0
1230,36.9,1062.804,1062.804,0.0,0.0
1231,36.93,1060.23,1060.23,0.0,0.0
1232,36.96,1056.885,1056.885,0.0,0.0
1233,36.99,780.227,780.227,0.0,0.0
1234,37.02,758.939,758.939,0.0,0.0
1235,37.05,752.953,752.953,0.0,0.0
1236,37.08,748.203,748.203,0.0,0.0
1237,37.11,744.182,744.182,0.0,0.0
1238,37.14,740.594,740.594,0.0,0.0
1239,37.17,737.358,737.358,0.0,0.0
1240,37.2,734.349,734.349,0.0,0.0
1241,37.23,731.576,731.576,0.0,0.0
1242,37.26,728.961,728.961,0.0,0.0
1243,37.29,726.531,726.531,0.0,0.0
1244,37.32,724.191,724.191,0.0,0.0
1245,37.35,722.005,722.005,0.0,0.0
1246,37.38,719.927,719.927,0.0,0.0
1247,37.41,717.917,717.917,0.0,0.0
1248,37.44,716.042,716.042,0.0,0.0
1249,37.47,714.243,714.243,0.0,0.0
1250,37.5,712.502,712.502,0.0,0.0
1251,37.53,710.87,710.87,0.0,0.0
1252,37.56,709.319,709.319,0.0,0.0
1253,37.59,707.809,707.809,0.0,0.0
1254,37.62,706.38,706.38,0.0,0.0
1255,37.65,704.996,704.996,0.0,0.0
1256,37.68,703.659,703.659,0.0,0.0
1257,37.71,702.38,702.38,0.0,0.0
1258,37.74,701.141,701.141,0.0,0.0
1259,37.77,699.954,699.954,0.0,0.0
1260,37.8,698.82,698.82,0.0,0.0
1261,37.83,697.747,697.747,0.0,0.0
1262,37.86,696.721,696.721,0.0,0.0
1263,37.89,695.738,695.738,0.0,0.0
1264,37.92,694.783,694.783,0.0,0.0
1265,37.95,693.923,693.923,0.0,0.0
1266,37.98,693.131,693.131,0.0,0.0
1267,38.01,692.355,692.355,0.0,0.0
1268,38.04,691.564,691.564,0.0,0.0
1269,38.07,690.771,690.771,0.0,0.0
1270,38.1,689.976,689.976,0.0,0.0
1271,38.13,689.178,689.178,0.0,0.0
1272,38.16,688.378,688.378,0.0,0.0
1273,38.19,687.578,687.578,0.0,0.0
1274,38.22,686.774,686.774,0.0,0.0
1275,38.25,685.968,685.968,0.0,0.0
1276,38.28,685.163,685.163,0.0,0.0
1277,38.31,684.339,684.339,0.0,0.0
1278,38.34,683.502,683.502,0.0,0.0
1279,38.37,682.649,682.649,0.0,0.0
1280,38.4,681.777,681.777,0.0,0.0
1281,38.43,680.893,680.893,0.0,0.0
1282,38.46,679.982,679.982,0.0,0.0
1283,38.49,679.066,679.066,0.0,0.0
1284,38.52,678.123,678.123,0.0,0.0
1285,38.55,677.17,677.17,0.0,0.0
1286,38.58,676.214,676.214,0.0,0.0
1287,38.61,675.228,675.228,0.0,0.0
1288,38.64,674.23,674.23,0.0,0.0
1289,38.67,673.233,673.233,0.0,0.0
1290,38.7,672.235,672.235,0.0,0.0
1291,38.73,671.237,671.237,0.0,0.0
1292,38.76,670.24,670.24,0.0,0.0
1293,38.79,669.242,669.242,0.0,0.0
1294,38.82,668.244,668.244,0.0,0.0
1295,38.85,667.246,667.246,0.0,0.0
1296,38.88,666.249,666.249,0.0,0.0
1297,38.91,665.251,665.251,0.0,0.0
1298,38.94,664.253,664.253,0.0,0.0
1299,38.97,663.258,663.258,0.0,0.0
1300,39.0,662.262,662.262,0.0,0.0
1301,39.03,661.266,661.266,0.0,0.0
1302,39.06,660.272,660.272,0.0,0.0
1303,39.09,659.278,659.278,0.0,0.0
1304,39.12,658.284,658.284,0.0,0.0
1305,39.15,657.294,657.294,0.0,0.0
1306,39.18,656.303,656.303,0.0,0.0
1307,39.21,655.312,655.312,0.0,0.0
1308,39.24,654.325,654.325,0.0,0.0
1309,39.27,653.338,653.338,0.0,0.0
1310,39.3,652.352,652.352,0.0,0.0
1311,39.33,651.368,651.368,0.0,0.0
1312,39.36,650.385,650.385,0.0,0.0
1313,39.39,649.406,649.406,0.0,0.0
1314,39.42,648.428,648.428,0.0,0.0
1315,39.45,647.451,647.451,0.0,0.0
1316,39.48,646.478,646.478,0.0,0.0
1317,39.51,645.507,645.507,0.0,0.0
1318,39.54,644.539,644.539,0.0,0.0
1319,39.57,643.574,643.574,0.0,0.0
1320,39.6,642.611,642.611,0.0,0.0
1321,39.63,641.652,641.652,0.0,0.0
1322,39.66,640.696,640.696,0.0,0.0
1323,39.69,639.745,639.745,0.0,0.0
1324,39.72,638.797,638.797,0.0,0.0
1325,39.75,637.855,637.855,0.0,0.0
1326,39.78,636.918,636.918,0.0,0.0
1327,39.81,636.0,636.0,0.0,0.0
1328,39.84,635.108,635.108,0.0,0.0
1329,39.87,634.238,634.238,0.0,0.0
1330,39.9,633.392,633.392,0.0,0.0
1331,39.93,632.599,632.599,0.0,0.0
1332,39.96,631.839,631.839,0.0,0.0
1333,39.99,631.102,631.102,0.0,0.0
1334,40.02,630.384,630.384,0.0,0.0
1335,40.05,629.682,629.682,0.0,0.0
1336,40.08,628.992,628.992,0.0,0.0
1337,40.11,628.316,628.316,0.0,0.0
1338,40.14,627.651,627.651,0.0,0.0
1339,40.17,626.995,626.995,0.0,0.0
1340,40.2,626.349,626.349,0.0,0.0
1341,40.23,625.71,625.71,0.0,0.0
1342,40.26,625.08,625.08,0.0,0.0
1343,40.29,624.456,624.456,0.0,0.0
1344,40.32,623.838,623.838,0.0,0.0
1345,40.35,623.228,623.228,0.0,0.0
1346,40.38,622.622,622.622,0.0,0.0
1347,40.41,622.02,622.02,0.0,0.0
1348,40.44,621.424,621.424,0.0,0.0
1349,40.47,620.831,620.831,0.0,0.0
1350,40.5,620.241,620.241,0.0,0.0
1351,40.53,619.655,619.655,0.0,0.0
1352,40.56,619.072,619.072,0.0,0.0
1353,40.59,618.491,618.491,0.0,0.0
1354,40.62,617.912,617.912,0.0,0.0
1355,40.65,617.335,617.335,0.0,0.0
1356,40.68,616.758,616.758,0.0,0.0
1357,40.71,616.184,616.184,0.0,0.0
1358,40.74,615.61,615.61,0.0,0.0
1359,40.77,615.036,615.036,0.0,0.0
1360,40.8,614.462,614.462,0.0,0.0
1361,40.83,613.888,613.888,0.0,0.0
1362,40.86,613.313,613.313,0.0,0.0
1363,40.89,612.736,612.736,0.0,0.0
1364,40.92,612.158,612.158,0.0,0.0
1365,40.95,611.579,611.579,0.0,0.0
1366,40.98,610.997,610.997,0.0,0.0
1367,41.01,610.413,610.413,0.0,0.0
1368,41.04,609.826,609.826,0.0,0.0
1369,41.07,609.236,609.236,0.0,0.0
1370,41.1,608.642,608.642,0.0,0.0
1371,41.13,608.044,608.044,0.0,0.0
1372,41.16,607.441,607.441,0.0,0.0
1373,41.19,606.832,606.832,0.0,0.0
1374,41.22,606.218,606.218,0.0,0.0
1375,41.25,605.599,605.599,0.0,0.0
1376,41.28,604.973,604.973,0.0,0.0
1377,41.31,604.338,604.338,0.0,0.0
1378,41.34,603.697,603.697,0.0,0.0
1379,41.37,603.046,603.046,0.0,0.0
1380,41.4,602.384,602.384,0.0,0.0
1381,41.43,601.712,601.712,0.0,0.0
1382,41.46,601.026,601.026,0.0,0.0
1383,41.49,600.326,600.326,0.0,0.0
1384,41.52,599.609,599.609,0.0,0.0
1385,41.55,598.868,598.868,0.0,0.0
1386,41.58,598.087,598.087,0.0,0.0
1387,41.61,597.292,597.292,0.0,0.0
1388,41.64,596.494,596.494,0.0,0.0
1389,41.67,595.69,595.69,0.0,0.0
1390,41.7,594.883,594.883,0.0,0.0
1391,41.73,594.071,594.071,0.0,0.0
1392,41.76,593.253,593.253,0.0,0.0
1393,41.79,592.429,592.429,0.0,0.0
1394,41.82,591.598,591.598,0.0,0.0
1395,41.85,590.759,590.759,0.0,0.0
1396,41.88,589.908,589.908,0.0,0.0
1397,41.91,589.039,589.039,0.0,0.0
1398,41.94,588.156,588.156,0.0,0.0
1399,41.97,587.273,587.273,0.0,0.0
1400,42.0,586.39,586.39,0.0,0.0
1401,42.03,585.507,585.507,0.0,0.0
1402,42.06,584.624,584.624,0.0,0.0
1403,42.09,583.74,583.74,0.0,0.0
1404,42.12,582.859,582.859,0.0,0.0
1405,42.15,581.975,581.975,0.0,0.0
1406,42.18,581.091,581.091,0.0,0.0
1407,42.21,580.21,580.21,0.0,0.0
1408,42.24,579.326,579.326,0.0,0.0
1409,42.27,578.443,578.443,0.0,0.0
1410,42.3,577.56,577.56,0.0,0.0
1411,42.33,576.678,576.678,0.0,0.0
1412,42.36,575.794,575.794,0.0,0.0
1413,42.39,574.912,574.912,0.0,0.0
1414,42.42,574.028,574.028,0.0,0.0
1415,42.45,573.145,573.145,0.0,0.0
1416,42.48,572.262,572.262,0.0,0.0
1417,42.51,571.379,571.379,0.0,0.0
1418,42.54,570.496,570.496,0.0,0.0
1419,42.57,569.614,569.614,0.0,0.0
1420,42.6,568.731,568.731,0.0,0.0
1421,42.63,567.848,567.848,0.0,0.0
1422,42.66,566.965,566.965,0.0,0.0
1423,42.69,566.081,566.081,0.0,0.0
1424,42.72,565.199,565.199,0.0,0.0
1425,42.75,564.316,564.316,0.0,0.0
1426,42.78,563.433,563.433,0.0,0.0
1427,42.81,562.549,562.549,0.0,0.0
1428,42.84,561.667,561.667,0.0,0.0
1429,42.87,560.784,560.784,0.0,0.0
1430,42.9,559.901,559.901,0.0,0.0
1431,42.93,559.018,559.018,0.0,0.0
1432,42.96,558.135,558.135,0.0,0.0
1433,42.99,557.252,557.252,0.0,0.0
1434,43.02,556.369,556.369,0.0,0.0
1435,43.05,555.486,555.486,0.0,0.0
1436,43.08,554.603,554.603,0.0,0.0
1437,43.11,553.72,553.72,0.0,0.0
1438,43.14,552.837,552.837,0.0,0.0
1439,43.17,551.954,551.954,0.0,0.0
1440,43.2,551.071,551.071,0.0,0.0
1441,43.23,550.188,550.188,0.0,0.0
1442,43.26,549.305,549.305,0.0,0.0
1443,43.29,548.423,548.423,0.0,0.0
1444,43.32,547.541,547.541,0.0,0.0
1445,43.35,546.656,546.656,0.0,0.0
1446,43.38,545.773,545.773,0.0,0.0
1447,43.41,544.89,544.89,0.0,0.0
1448,43.44,544.008,544.008,0.0,0.0
1449,43.47,543.124,543.124,0.0,0.0
1450,43.5,542.241,542.241,0.0,0.0
1451,43.53,541.358,541.358,0.0,0.0
1452,43.56,540.475,540.475,0.0,0.0
1453,43.59,539.593,539.593,0.0,0.0
1454,43.62,538.71,538.71,0.0,0.0
1455,43.65,537.827,537.827,0.0,0.0
1456,43.68,536.944,536.944,0.0,0.0
1457,43.71,536.062,536.062,0.0,0.0
1458,43.74,535.178,535.178,0.0,0.0
1459,43.77,534.295,534.295,0.0,0.0
1460,43.8,533.412,533.412,0.0,0.0
1461,43.83,532.53,532.53,0.0,0.0
1462,43.86,531.647,531.647,0.0,0.0
1463,43.89,530.764,530.764,0.0,0.0
1464,43.92,529.883,529.883,0.0,0.0
1465,43.95,529.0,529.0,0.0,0.0
1466,43.98,528.118,528.118,0.0,0.0
1467,44.01,527.236,527.236,0.0,0.0
1468,44.04,526.354,526.354,0.0,0.0
1469,44.07,525.471,525.471,0.0,0.0
1470,44.1,524.59,524.59,0.0,0.0
1471,44.13,523.709,523.709,0.0,0.0
1472,44.16,522.826,522.826,0.0,0.0
1473,44.19,521.944,521.944,0.0,0.0
1474,44.22,521.064,521.064,0.0,0.0
1475,44.25,520.182,520.182,0.0,0.0
1476,44.28,519.299,519.299,0.0,0.0
1477,44.31,518.419,518.419,0.0,0.0
1478,44.34,517.536,517.536,0.0,0.0
1479,44.37,516.654,516.654,0.0,0.0
1480,44.4,515.773,515.773,0.0,0.0
1481,44.43,514.89,514.89,0.0,0.0
1482,44.46,514.008,514.008,0.0,0.0
1483,44.49,513.124,513.124,0.0,0.0
1484,44.52,512.242,512.242,0.0,0.0
1485,44.55,511.359,511.359,0.0,0.0
1486,44.58,510.476,510.476,0.0,0.0
1487,44.61,509.594,509.594,0.0,0.0
1488,44.64,508.71,508.71,0.0,0.0
1489,44.67,507.825,507.825,0.0,0.0
1490,44.7,506.94,506.94,0.0,0.0
1491,44.73,506.056,506.056,0.0,0.0
1492,44.76,505.171,505.171,0.0,0.0
1493,44.79,504.285,504.285,0.0,0.0
1494,44.82,503.4,503.4,0.0,0.0
1495,44.85,502.513,502.513,0.0,0.0
1496,44.88,501.626,501.626,0.0,0.0
1497,44.91,500.74,500.74,0.0,0.0
1498,44.94,499.851,499.851,0.0,0.0
1499,44.97,498.962,498.962,0.0,0.0
1500,45.0,0.0,0.0,0.0,0.0
